{
  "$schema": "https://schema.tauri.app/config/2",
  "productName": "FORGE",
  "version": "1.0.0",
  "identifier": "com.theophysics.forge",
  "build": {
    "beforeDevCommand": "npm run dev",
    "devUrl": "http://localhost:1420",
    "beforeBuildCommand": "npm run build",
    "frontendDist": "../dist"
  },
  "app": {
    "windows": [
      {
        "title": "FORGE: Logos Workshop",
        "width": 1200,
        "height": 800,
        "resizable": true,
        "fullscreen": false,
        "decorations": true,
        "transparent": false
      }
    ],
    "security": {
      "csp": null
    }
  },
  "bundle": {
    "active": true,
    "targets": "all",
    "icon": [
      "icons/32x32.png",
      "icons/128x128.png",
      "icons/128x128@2x.png",
      "icons/icon.icns",
      "icons/icon.ico"
    ]
  }
}